id:101,name:John Doe,department:IT,email:john.doe@company.com
id:102,name:Jane Smith,department:HR,email:jane.smith@company.com
id:103,name:Robert Johnson,department:Finance,email:robert.j@company.com
id:104,name:Emily Brown,department:Marketing,email:emily.b@company.com
id:105,name:Michael Lee,department:IT,email:michael.lee@company.com
id:106,name:Sarah Wilson,department:HR,email:sarah.w@company.com
id:107,name:David Kim,department:Engineering,email:david.kim@company.com
id:108,name:Lisa Wong,department:Finance,email:lisa.wong@company.com
id:109,name:James Miller,department:IT,email:james.m@company.com
id:110,name:Jessica Davis,department:Marketing,email:jessica.d@company.com
id:111,name:Daniel Garcia,department:Engineering,email:daniel.g@company.com
id:112,name:Jennifer Lopez,department:HR,email:jennifer.l@company.com
id:113,name:Kevin Chen,department:IT,email:kevin.chen@company.com
id:114,name:Amanda Taylor,department:Finance,email:amanda.t@company.com
id:115,name:Ryan Wilson,department:Engineering,email:ryan.w@company.com
id:116,name:Megan White,department:Marketing,email:megan.white@company.com
id:117,name:Jason Park,department:IT,email:jason.park@company.com
id:118,name:Olivia Martin,department:HR,email:olivia.m@company.com
id:119,name:Eric Brown,department:Finance,email:eric.brown@company.com
id:120,name:Sophia Lee,department:Engineering,email:sophia.lee@company.com
id:121,name:Matthew Green,department:IT,email:matthew.g@company.com
id:122,name:Emma Harris,department:Marketing,email:emma.h@company.com
id:123,name:Andrew Clark,department:Engineering,email:andrew.c@company.com
id:124,name:Chloe King,department:HR,email:chloe.king@company.com
id:125,name:Brandon Scott,department:IT,email:brandon.s@company.com
id:126,name:Lauren Young,department:Finance,email:lauren.y@company.com
id:127,name:Justin Hall,department:Engineering,email:justin.h@company.com
id:128,name:Rachel Allen,department:Marketing,email:rachel.a@company.com
id:129,name:Joshua Wright,department:IT,email:joshua.w@company.com
id:130,name:Victoria Adams,department:HR,email:victoria.a@company.com
id:131,name:Christopher Baker,department:Finance,email:chris.b@company.com
id:132,name:Natalie Nelson,department:Engineering,email:natalie.n@company.com
id:133,name:Jonathan Carter,department:IT,email:jonathan.c@company.com
id:134,name:Isabella Mitchell,department:Marketing,email:isabella.m@company.com
id:135,name:Samuel Parker,department:Engineering,email:samuel.p@company.com
id:136,name:Elizabeth Turner,department:HR,email:elizabeth.t@company.com
id:137,name:Benjamin Evans,department:IT,email:benjamin.e@company.com
id:138,name:Ava Collins,department:Finance,email:ava.c@company.com
id:139,name:Nicholas Edwards,department:Engineering,email:nicholas.e@company.com
id:140,name:Hannah Stewart,department:Marketing,email:hannah.s@company.com
id:141,name:Anthony Sanchez,department:IT,email:anthony.s@company.com
id:142,name:Zoe Morris,department:HR,email:zoe.morris@company.com
id:143,name:Christian Rivera,department:Finance,email:christian.r@company.com
id:144,name:Lily Cook,department:Engineering,email:lily.cook@company.com
id:145,name:Aaron Rogers,department:IT,email:aaron.r@company.com
id:146,name:Addison Reed,department:Marketing,email:addison.r@company.com
id:147,name:Caleb Bell,department:Engineering,email:caleb.b@company.com
id:148,name:Aubrey Murphy,department:HR,email:aubrey.m@company.com
id:149,name:Dylan Bailey,department:IT,email:dylan.b@company.com
id:150,name:Ella Cooper,department:Finance,email:ella.c@company.com
